League,Year,OBP,SLG,BA,Playoffs,G,OOBP,OSLG,RD
NL,2012,0.328,0.418,0.259,0,162,0.317,0.415,46
NL,2012,0.32,0.389,0.247,1,162,0.306,0.378,100
AL,2012,0.311,0.417,0.247,1,162,0.315,0.403,7
AL,2012,0.315,0.415,0.26,0,162,0.331,0.428,-72
NL,2012,0.302,0.378,0.24,0,162,0.335,0.424,-146
AL,2012,0.318,0.422,0.255,0,162,0.319,0.405,72
NL,2012,0.315,0.411,0.251,1,162,0.305,0.39,81
AL,2012,0.324,0.381,0.251,0,162,0.336,0.43,-178
NL,2012,0.33,0.436,0.274,0,162,0.357,0.47,-132
AL,2012,0.335,0.422,0.268,1,162,0.314,0.402,56
NL,2012,0.302,0.371,0.236,0,162,0.337,0.427,-211
AL,2012,0.317,0.4,0.265,0,162,0.339,0.423,-70
AL,2012,0.332,0.433,0.274,0,162,0.31,0.403,68
NL,2012,0.317,0.374,0.252,0,162,0.31,0.364,40
NL,2012,0.308,0.382,0.244,0,162,0.327,0.399,-115
NL,2012,0.325,0.437,0.259,0,162,0.326,0.414,43
AL,2012,0.325,0.39,0.26,0,162,0.333,0.442,-131
NL,2012,0.316,0.386,0.249,0,162,0.315,0.401,-59
AL,2012,0.337,0.453,0.265,1,162,0.311,0.419,136
AL,2012,0.31,0.404,0.238,1,162,0.306,0.378,99
NL,2012,0.317,0.4,0.255,0,162,0.306,0.407,4
NL,2012,0.304,0.395,0.243,0,162,0.314,0.39,-23
NL,2012,0.319,0.38,0.247,0,162,0.319,0.398,-59
AL,2012,0.296,0.369,0.234,0,162,0.308,0.394,-32
NL,2012,0.327,0.397,0.269,1,162,0.313,0.393,69
NL,2012,0.338,0.421,0.271,1,162,0.313,0.387,117
AL,2012,0.317,0.394,0.24,0,162,0.294,0.352,120
AL,2012,0.334,0.446,0.273,1,162,0.309,0.408,101
AL,2012,0.309,0.407,0.245,0,162,0.335,0.438,-68
NL,2012,0.322,0.428,0.261,1,162,0.303,0.373,137
NL,2011,0.322,0.413,0.25,1,162,0.316,0.409,69
NL,2011,0.308,0.387,0.243,0,162,0.31,0.361,36
AL,2011,0.316,0.413,0.257,0,162,0.341,0.46,-152
AL,2011,0.349,0.461,0.28,0,162,0.322,0.392,138
NL,2011,0.314,0.401,0.256,0,162,0.335,0.413,-102
AL,2011,0.319,0.388,0.252,0,162,0.317,0.397,-52
NL,2011,0.326,0.408,0.256,0,162,0.325,0.415,15
AL,2011,0.317,0.396,0.25,0,162,0.323,0.413,-56
NL,2011,0.329,0.41,0.258,0,162,0.331,0.431,-39
AL,2011,0.34,0.434,0.277,1,162,0.321,0.396,76
NL,2011,0.318,0.388,0.247,0,162,0.316,0.401,-77
NL,2011,0.311,0.374,0.258,0,162,0.337,0.432,-181
AL,2011,0.329,0.415,0.275,0,162,0.337,0.425,-32
AL,2011,0.313,0.402,0.253,0,162,0.313,0.388,34
NL,2011,0.322,0.375,0.257,0,161,0.31,0.371,32
NL,2011,0.325,0.425,0.261,1,162,0.304,0.385,83
AL,2011,0.306,0.36,0.247,0,162,0.34,0.435,-185
NL,2011,0.335,0.391,0.264,0,162,0.332,0.411,-24
AL,2011,0.343,0.444,0.263,1,162,0.322,0.399,210
AL,2011,0.311,0.369,0.244,0,162,0.317,0.378,-34
NL,2011,0.323,0.395,0.253,1,162,0.296,0.361,184
NL,2011,0.309,0.368,0.244,0,162,0.338,0.409,-102
NL,2011,0.305,0.349,0.237,0,162,0.314,0.375,-18
AL,2011,0.292,0.348,0.233,0,162,0.31,0.386,-119
NL,2011,0.303,0.368,0.242,0,162,0.309,0.346,-8
NL,2011,0.341,0.425,0.273,1,162,0.319,0.398,70
AL,2011,0.322,0.402,0.244,1,162,0.303,0.383,93
AL,2011,0.34,0.46,0.283,1,162,0.307,0.392,178
AL,2011,0.317,0.413,0.249,0,162,0.328,0.419,-18
NL,2011,0.309,0.383,0.242,0,161,0.319,0.382,-19
NL,2010,0.325,0.416,0.25,0,162,0.34,0.448,-123
NL,2010,0.339,0.401,0.258,1,162,0.314,0.376,109
AL,2010,0.316,0.386,0.259,0,162,0.336,0.434,-172
AL,2010,0.339,0.451,0.268,0,162,0.327,0.399,74
NL,2010,0.32,0.401,0.257,0,162,0.334,0.398,-82
AL,2010,0.332,0.42,0.268,0,162,0.325,0.395,48
NL,2010,0.338,0.436,0.272,1,162,0.323,0.396,105
AL,2010,0.322,0.378,0.248,0,162,0.342,0.416,-106
NL,2010,0.336,0.425,0.263,0,162,0.326,0.397,53
AL,2010,0.335,0.415,0.268,0,162,0.332,0.4,8
NL,2010,0.321,0.403,0.254,0,162,0.331,0.398,2
NL,2010,0.303,0.362,0.247,0,162,0.33,0.402,-118
AL,2010,0.331,0.399,0.274,0,162,0.342,0.435,-169
AL,2010,0.311,0.39,0.248,0,162,0.327,0.403,-21
NL,2010,0.322,0.379,0.252,0,162,0.316,0.378,-25
NL,2010,0.335,0.424,0.262,0,162,0.338,0.427,-54
AL,2010,0.341,0.422,0.273,1,162,0.317,0.417,110
NL,2010,0.314,0.383,0.249,0,162,0.33,0.394,4
AL,2010,0.35,0.436,0.267,1,162,0.322,0.399,166
AL,2010,0.324,0.378,0.256,0,162,0.313,0.379,37
NL,2010,0.332,0.413,0.26,1,162,0.311,0.405,132
NL,2010,0.304,0.373,0.242,0,162,0.348,0.449,-279
NL,2010,0.317,0.371,0.246,0,162,0.308,0.368,84
AL,2010,0.298,0.339,0.236,0,162,0.313,0.401,-185
NL,2010,0.321,0.408,0.257,1,162,0.313,0.37,114
NL,2010,0.332,0.402,0.263,0,162,0.319,0.387,95
AL,2010,0.333,0.403,0.247,1,162,0.308,0.404,153
AL,2010,0.338,0.419,0.276,1,162,0.319,0.39,100
AL,2010,0.312,0.454,0.248,0,162,0.326,0.405,27
NL,2010,0.318,0.39,0.25,0,162,0.33,0.41,-87
NL,2009,0.324,0.418,0.253,0,162,0.33,0.419,-62
NL,2009,0.339,0.405,0.263,0,162,0.323,0.39,94
AL,2009,0.332,0.415,0.268,0,162,0.353,0.476,-135
AL,2009,0.352,0.454,0.27,1,162,0.335,0.422,136
NL,2009,0.332,0.407,0.255,0,161,0.324,0.391,35
AL,2009,0.329,0.411,0.258,0,162,0.325,0.414,-8
NL,2009,0.318,0.394,0.247,0,162,0.333,0.418,-50
AL,2009,0.339,0.417,0.264,0,162,0.351,0.443,-92
NL,2009,0.343,0.441,0.261,1,162,0.328,0.405,89
AL,1900,0.331,0.416,0.26,0,163,0.336,0.422,-2
NL,2009,0.34,0.416,0.268,0,162,0.333,0.408,6
NL,2009,0.319,0.4,0.26,0,162,0.344,0.44,-127
AL,2009,0.318,0.405,0.259,0,162,0.343,0.422,-156
AL,2009,0.35,0.441,0.285,1,162,0.338,0.432,122
NL,2009,0.346,0.412,0.27,1,162,0.312,0.361,169
NL,2009,0.341,0.426,0.263,0,162,0.345,0.45,-33
AL,2009,0.345,0.429,0.274,1,163,0.331,0.431,52
NL,2009,0.335,0.394,0.27,0,162,0.342,0.418,-86
AL,2009,0.362,0.478,0.283,1,162,0.327,0.408,162
AL,2009,0.328,0.397,0.262,0,162,0.329,0.413,-2
NL,2009,0.334,0.447,0.258,1,162,0.329,0.427,111
NL,2009,0.318,0.387,0.252,0,161,0.346,0.442,-132
NL,2009,0.321,0.381,0.242,0,162,0.333,0.406,-131
AL,2009,0.314,0.402,0.258,0,162,0.316,0.394,-52
NL,2009,0.309,0.389,0.257,0,162,0.314,0.372,46
NL,2009,0.332,0.415,0.263,1,162,0.319,0.386,90
AL,2009,0.343,0.439,0.263,0,162,0.324,0.417,49
AL,2009,0.32,0.445,0.26,0,162,0.331,0.416,44
AL,2009,0.333,0.44,0.266,0,162,0.339,0.434,27
NL,2009,0.337,0.406,0.258,0,162,0.352,0.45,-164
NL,2008,0.327,0.415,0.251,0,162,0.318,0.398,14
NL,2008,0.345,0.408,0.27,0,162,0.336,0.423,-25
AL,2008,0.333,0.429,0.267,0,161,0.361,0.435,-87
AL,2008,0.358,0.447,0.28,1,162,0.323,0.39,151
NL,2008,0.354,0.443,0.278,1,161,0.316,0.395,184
AL,2008,0.332,0.448,0.263,1,163,0.32,0.41,82
NL,2008,0.321,0.408,0.247,0,162,0.345,0.45,-96
AL,2008,0.339,0.424,0.262,0,162,0.33,0.424,44
NL,2008,0.336,0.415,0.263,0,162,0.344,0.431,-75
AL,2008,0.34,0.444,0.271,0,162,0.353,0.437,-36
NL,2008,0.326,0.433,0.254,0,161,0.333,0.407,3
NL,2008,0.323,0.415,0.263,0,161,0.328,0.44,-31
AL,2008,0.32,0.397,0.269,0,162,0.328,0.415,-90
AL,2008,0.33,0.413,0.268,1,162,0.323,0.406,68
NL,2008,0.333,0.399,0.264,1,162,0.315,0.376,52
NL,2008,0.325,0.431,0.253,1,162,0.323,0.406,61
AL,2008,0.34,0.408,0.279,0,163,0.324,0.431,84
NL,2008,0.34,0.42,0.266,0,162,0.331,0.397,84
AL,2008,0.342,0.427,0.271,0,162,0.329,0.405,62
AL,2008,0.318,0.369,0.242,0,161,0.328,0.392,-44
NL,2008,0.332,0.438,0.255,1,162,0.329,0.41,119
NL,2008,0.32,0.403,0.258,0,162,0.362,0.454,-149
NL,2008,0.317,0.39,0.25,0,162,0.332,0.409,-127
AL,2008,0.318,0.389,0.265,0,162,0.351,0.433,-140
NL,2008,0.321,0.382,0.262,0,162,0.341,0.404,-119
NL,2008,0.35,0.433,0.281,0,162,0.332,0.431,54
AL,2008,0.34,0.422,0.26,1,162,0.314,0.4,103
AL,2008,0.354,0.462,0.283,0,162,0.362,0.455,-66
AL,2008,0.331,0.399,0.264,0,162,0.309,0.38,104
NL,2008,0.323,0.373,0.251,0,161,0.343,0.436,-184
NL,2007,0.321,0.413,0.25,1,162,0.334,0.42,-20
NL,2007,0.339,0.435,0.275,0,162,0.327,0.415,77
AL,2007,0.333,0.412,0.272,0,162,0.354,0.412,-112
AL,2007,0.362,0.444,0.279,1,162,0.314,0.392,210
NL,2007,0.333,0.422,0.271,1,162,0.322,0.399,62
AL,2007,0.318,0.404,0.246,0,162,0.338,0.435,-146
NL,2007,0.335,0.436,0.267,0,162,0.343,0.456,-70
AL,2007,0.343,0.428,0.268,1,162,0.322,0.407,107
NL,2007,0.354,0.437,0.28,1,163,0.33,0.423,102
AL,2007,0.345,0.458,0.287,0,162,0.338,0.427,90
NL,2007,0.336,0.448,0.267,0,162,0.364,0.442,-101
NL,2007,0.33,0.412,0.26,0,162,0.337,0.454,-90
AL,2007,0.322,0.388,0.261,0,162,0.339,0.445,-72
AL,2007,0.345,0.417,0.284,1,162,0.328,0.412,91
NL,2007,0.337,0.406,0.275,0,162,0.326,0.399,8
NL,2007,0.329,0.456,0.262,0,162,0.333,0.422,25
AL,2007,0.33,0.391,0.264,0,162,0.324,0.431,-7
NL,2007,0.342,0.432,0.275,0,162,0.329,0.409,54
AL,2007,0.366,0.463,0.29,1,162,0.34,0.417,191
AL,2007,0.338,0.407,0.256,0,162,0.329,0.404,-17
NL,2007,0.354,0.458,0.274,1,162,0.346,0.451,71
NL,2007,0.325,0.411,0.263,0,162,0.352,0.447,-122
NL,2007,0.322,0.411,0.251,0,163,0.311,0.374,75
AL,2007,0.337,0.425,0.287,0,162,0.349,0.431,-19
NL,2007,0.322,0.387,0.254,0,162,0.334,0.405,-37
NL,2007,0.337,0.405,0.274,0,162,0.336,0.431,-104
AL,2007,0.336,0.433,0.268,0,162,0.358,0.467,-162
AL,2007,0.328,0.426,0.263,0,162,0.356,0.423,-28
AL,2007,0.327,0.419,0.259,0,162,0.315,0.391,54
NL,2007,0.325,0.39,0.256,0,162,0.339,0.433,-110
NL,2006,0.331,0.424,0.267,0,162,0.335,0.431,-15
NL,2006,0.337,0.455,0.27,0,162,0.343,0.438,44
AL,2006,0.339,0.424,0.277,0,162,0.357,0.462,-131
AL,2006,0.351,0.435,0.269,0,162,0.343,0.447,-5
NL,2006,0.319,0.422,0.268,0,162,0.342,0.431,-118
AL,2006,0.342,0.464,0.28,0,162,0.326,0.44,74
NL,2006,0.336,0.432,0.257,0,162,0.337,0.457,-52
AL,2006,0.349,0.457,0.28,0,162,0.335,0.431,88
NL,2006,0.341,0.433,0.27,0,162,0.346,0.438,1
AL,2006,0.329,0.449,0.274,1,162,0.321,0.405,147
NL,2006,0.331,0.435,0.264,0,162,0.347,0.423,-14
NL,2006,0.332,0.409,0.255,0,162,0.319,0.421,16
AL,2006,0.332,0.411,0.271,0,162,0.367,0.476,-214
AL,2006,0.334,0.425,0.274,0,162,0.316,0.402,34
NL,2006,0.348,0.432,0.276,1,162,0.33,0.418,69
NL,2006,0.327,0.42,0.258,0,162,0.333,0.438,-103
AL,2006,0.347,0.425,0.287,1,162,0.312,0.423,118
NL,2006,0.334,0.445,0.264,1,162,0.323,0.407,103
AL,2006,0.363,0.461,0.285,1,162,0.326,0.413,163
AL,2006,0.34,0.412,0.26,1,162,0.338,0.422,44
NL,2006,0.347,0.447,0.267,0,162,0.339,0.46,53
NL,2006,0.327,0.397,0.263,0,162,0.357,0.431,-106
NL,2006,0.332,0.416,0.263,1,162,0.312,0.404,52
AL,2006,0.325,0.424,0.272,0,162,0.337,0.432,-36
NL,2006,0.324,0.422,0.259,0,161,0.337,0.415,-44
NL,2006,0.337,0.431,0.269,1,161,0.337,0.443,19
AL,2006,0.314,0.42,0.255,0,162,0.358,0.452,-167
AL,2006,0.338,0.446,0.278,0,162,0.341,0.424,51
AL,2006,0.348,0.463,0.284,0,162,0.328,0.422,55
NL,2006,0.338,0.418,0.262,0,162,0.349,0.447,-126
NL,2005,0.332,0.421,0.256,0,162,0.345,0.455,-160
NL,2005,0.333,0.435,0.265,1,162,0.333,0.406,95
AL,2005,0.327,0.434,0.269,0,162,0.336,0.416,-71
AL,2005,0.357,0.454,0.281,1,162,0.335,0.441,105
NL,2005,0.324,0.44,0.27,0,162,0.325,0.407,-11
AL,2005,0.322,0.425,0.262,1,162,0.31,0.397,96
NL,2005,0.339,0.446,0.261,0,163,0.352,0.483,-69
AL,2005,0.334,0.453,0.271,0,162,0.302,0.387,148
NL,2005,0.333,0.411,0.267,0,162,0.362,0.457,-122
AL,2005,0.321,0.428,0.272,0,162,0.33,0.436,-64
NL,2005,0.339,0.409,0.272,0,162,0.339,0.402,-15
NL,2005,0.322,0.408,0.256,1,163,0.308,0.389,84
AL,2005,0.32,0.396,0.263,0,162,0.362,0.463,-234
AL,2005,0.325,0.409,0.27,1,162,0.312,0.401,118
NL,2005,0.326,0.395,0.253,0,162,0.327,0.429,-70
NL,2005,0.331,0.423,0.259,0,162,0.324,0.408,29
AL,2005,0.323,0.391,0.259,0,162,0.307,0.408,26
NL,2005,0.322,0.416,0.258,0,162,0.321,0.387,74
AL,2005,0.355,0.45,0.276,1,162,0.332,0.422,97
AL,2005,0.33,0.407,0.262,0,162,0.311,0.382,114
NL,2005,0.348,0.423,0.27,0,162,0.32,0.426,81
NL,2005,0.322,0.4,0.259,0,162,0.344,0.424,-89
NL,2005,0.333,0.391,0.257,1,162,0.322,0.408,-42
AL,2005,0.317,0.391,0.256,0,162,0.332,0.422,-52
NL,2005,0.319,0.396,0.261,0,162,0.336,0.412,-96
NL,2005,0.339,0.423,0.27,1,162,0.318,0.398,171
AL,2005,0.329,0.425,0.274,0,162,0.355,0.455,-186
AL,2005,0.329,0.468,0.267,0,162,0.343,0.428,7
AL,2005,0.331,0.407,0.265,0,162,0.324,0.418,70
NL,2005,0.322,0.386,0.252,0,162,0.333,0.396,-34
AL,2004,0.341,0.429,0.282,1,162,0.326,0.415,102
NL,2004,0.31,0.393,0.253,0,162,0.35,0.439,-284
NL,2004,0.343,0.434,0.27,1,162,0.329,0.4,135
AL,2004,0.345,0.432,0.281,0,162,0.348,0.404,12
AL,2004,0.36,0.472,0.282,1,162,0.318,0.408,181
NL,2004,0.328,0.458,0.268,0,162,0.321,0.395,124
AL,2004,0.333,0.457,0.268,0,162,0.338,0.453,34
NL,2004,0.331,0.418,0.25,0,162,0.348,0.481,-157
AL,2004,0.351,0.444,0.276,0,162,0.342,0.445,1
NL,2004,0.345,0.455,0.275,0,162,0.372,0.471,-90
AL,2004,0.7,0.449,0.272,0,162,0.34,0.441,-17
NL,2004,0.329,0.406,0.264,0,162,0.324,0.412,18
NL,2004,0.342,0.436,0.267,1,162,0.328,0.417,105
AL,2004,0.322,0.397,0.259,0,162,0.352,0.476,-185
NL,2004,0.332,0.423,0.262,1,162,0.323,0.408,77
NL,2004,0.321,0.387,0.248,0,161,0.32,0.417,-123
AL,2004,0.332,0.431,0.266,1,162,0.323,0.406,65
NL,2004,0.313,0.392,0.249,0,162,0.342,0.431,-134
NL,2004,0.317,0.409,0.249,0,162,0.335,0.405,-47
AL,2004,0.353,0.458,0.268,1,162,0.328,0.432,89
AL,2004,0.343,0.433,0.27,0,162,0.332,0.409,51
NL,2004,0.345,0.443,0.267,0,162,0.33,0.448,59
NL,2004,0.321,0.401,0.26,0,161,0.342,0.416,-64
NL,2004,0.342,0.414,0.273,0,162,0.318,0.431,63
AL,2004,0.331,0.396,0.27,0,162,0.338,0.441,-125
NL,2004,0.357,0.438,0.27,0,162,0.332,0.423,80
NL,2004,0.344,0.46,0.278,1,162,0.313,0.403,196
AL,2004,0.32,0.405,0.258,0,161,0.342,0.438,-128
AL,2004,0.329,0.457,0.266,0,162,0.344,0.432,66
AL,2004,0.328,0.403,0.26,0,161,0.348,0.434,-104
AL,2003,0.33,0.413,0.268,0,162,0.327,0.421,-7
NL,2003,0.33,0.417,0.263,0,162,0.322,0.388,32
NL,2003,0.349,0.475,0.284,1,162,0.327,0.401,167
AL,2003,0.323,0.405,0.268,0,163,0.346,0.446,-77
AL,2003,0.36,0.491,0.289,1,162,0.327,0.415,152
NL,2003,0.323,0.416,0.259,1,162,0.324,0.372,41
AL,2003,0.331,0.446,0.263,0,162,0.322,0.404,76
NL,2003,0.318,0.395,0.245,0,162,0.349,0.463,-192
AL,2003,0.316,0.401,0.254,0,162,0.329,0.426,-79
NL,2003,0.344,0.445,0.267,0,162,0.359,0.47,-39
AL,2003,0.3,0.375,0.24,0,162,0.352,0.461,-337
NL,2003,0.333,0.421,0.266,1,162,0.325,0.396,59
NL,2003,0.336,0.431,0.263,0,162,0.326,0.397,128
AL,2003,0.336,0.427,0.274,0,162,0.348,0.45,-31
NL,2003,0.303,0.368,0.243,0,162,0.306,0.354,18
NL,2003,0.329,0.419,0.256,0,162,0.348,0.462,-159
AL,2003,0.341,0.431,0.277,1,162,0.319,0.428,43
NL,2003,0.326,0.401,0.258,0,162,0.327,0.423,-5
NL,2003,0.314,0.374,0.247,0,161,0.345,0.438,-112
AL,2003,0.356,0.453,0.271,1,163,0.314,0.407,161
AL,2003,0.327,0.417,0.254,1,162,0.314,0.376,125
NL,2003,0.343,0.419,0.261,0,162,0.327,0.401,94
NL,2003,0.338,0.42,0.267,0,162,0.336,0.431,-48
NL,2003,0.333,0.388,0.261,0,162,0.341,0.437,-153
AL,2003,0.344,0.41,0.271,0,162,0.311,0.388,158
NL,2003,0.338,0.425,0.264,1,161,0.321,0.386,117
NL,2003,0.35,0.454,0.279,0,162,0.336,0.452,80
AL,2003,0.32,0.404,0.265,0,162,0.347,0.44,-137
AL,2003,0.33,0.454,0.266,0,162,0.36,0.473,-143
AL,2003,0.349,0.455,0.279,0,162,0.337,0.441,68
AL,2002,0.341,0.433,0.282,1,162,0.314,0.392,207
NL,2002,0.346,0.423,0.267,1,162,0.305,0.397,145
NL,2002,0.331,0.409,0.26,1,161,0.313,0.364,143
AL,2002,0.309,0.403,0.246,0,162,0.336,0.435,-106
AL,2002,0.345,0.444,0.277,0,162,0.308,0.385,194
NL,2002,0.321,0.413,0.246,0,162,0.331,0.407,-53
AL,2002,0.338,0.449,0.268,0,162,0.33,0.423,58
NL,2002,0.33,0.408,0.253,0,162,0.338,0.426,-65
AL,2002,0.321,0.412,0.249,0,162,0.348,0.423,-98
NL,2002,0.337,0.423,0.274,0,162,0.349,0.466,-120
AL,2002,0.3,0.379,0.248,0,161,0.343,0.455,-289
NL,2002,0.337,0.403,0.261,0,162,0.341,0.415,-64
NL,2002,0.338,0.417,0.262,0,162,0.33,0.41,54
AL,2002,0.323,0.398,0.256,0,162,0.349,0.464,-154
NL,2002,0.32,0.409,0.264,0,162,0.315,0.387,70
NL,2002,0.32,0.39,0.253,0,162,0.352,0.442,-194
AL,2002,0.332,0.437,0.272,1,161,0.318,0.421,56
NL,2002,0.334,0.418,0.261,0,162,0.329,0.421,17
NL,2002,-0.3,0.395,0.256,0,161,0.327,0.403,-13
AL,2002,0.354,0.455,0.275,1,161,0.309,0.395,200
AL,2002,0.339,0.432,0.261,1,162,0.315,0.384,146
NL,2002,0.339,0.422,0.259,0,161,0.328,0.401,-14
NL,2002,0.319,0.381,0.244,0,161,0.342,0.423,-89
NL,2002,0.321,0.381,0.253,0,162,0.346,0.442,-153
AL,2002,0.35,0.419,0.275,0,162,0.315,0.41,115
NL,2002,0.344,0.442,0.267,1,162,0.319,0.372,167
NL,2002,0.338,0.425,0.268,1,162,0.323,0.386,139
AL,2002,0.314,0.39,0.253,0,161,0.357,0.463,-245
AL,2002,0.338,0.455,0.269,0,162,0.355,0.451,-39
AL,2002,0.327,0.43,0.261,0,162,0.344,0.431,-15
AL,2001,0.327,0.405,0.261,0,162,0.331,0.412,-39
NL,2001,0.341,0.442,0.267,1,162,0.311,0.404,141
NL,2001,0.324,0.412,0.26,1,162,0.314,0.384,86
AL,2001,0.319,0.38,0.248,0,162,0.337,0.439,-142
AL,2001,0.334,0.439,0.266,0,161,0.329,0.393,27
NL,2001,0.336,0.43,0.261,0,162,0.321,0.398,76
AL,2001,0.334,0.451,0.268,0,162,0.334,0.427,3
NL,2001,0.324,0.419,0.262,0,162,0.341,0.455,-115
AL,2001,0.35,0.458,0.278,1,162,0.341,0.417,76
NL,2001,0.354,0.483,0.292,0,162,0.35,0.48,17
AL,2001,0.32,0.409,0.26,0,162,0.357,0.461,-152
NL,2001,0.326,0.423,0.264,0,162,0.338,0.411,-2
NL,2001,0.347,0.451,0.271,1,162,0.325,0.437,78
AL,2001,0.318,0.409,0.266,0,162,0.348,0.45,-129
NL,2001,0.323,0.425,0.255,0,162,0.323,0.411,14
NL,2001,0.319,0.426,0.251,0,162,0.35,0.44,-66
AL,2001,0.337,0.433,0.272,0,162,0.325,0.437,5
NL,2001,0.319,0.396,0.253,0,162,0.339,0.441,-142
NL,2001,0.323,0.387,0.249,0,162,0.314,0.419,-71
AL,2001,0.334,0.435,0.267,1,161,0.318,0.398,91
AL,2001,0.345,0.439,0.264,1,162,0.308,0.38,239
NL,2001,0.329,0.414,0.26,0,162,0.329,0.424,27
NL,2001,0.313,0.393,0.247,0,162,0.344,0.433,-201
NL,2001,0.336,0.399,0.252,0,162,0.33,0.45,-23
AL,2001,0.36,0.445,0.288,1,162,0.301,0.378,300
NL,2001,0.342,0.46,0.266,0,162,0.329,0.404,51
NL,2001,0.339,0.441,0.27,1,162,0.328,0.428,130
AL,2001,0.32,0.388,0.258,0,162,0.345,0.452,-215
AL,2001,0.344,0.471,0.275,0,162,0.362,0.494,-78
AL,2001,0.325,0.43,0.263,0,162,0.339,0.435,14
AL,2000,0.352,0.472,0.28,0,162,0.351,0.453,-5
NL,2000,0.333,0.429,0.265,0,162,0.326,0.424,38
NL,2000,0.346,0.429,0.271,1,162,0.319,0.402,96
AL,2000,0.341,0.435,0.272,0,162,0.352,0.449,-119
AL,2000,0.341,0.423,0.267,0,162,0.322,0.411,47
NL,2000,0.335,0.411,0.256,0,162,0.348,0.452,-140
AL,2000,0.356,0.47,0.286,1,162,0.346,0.434,139
NL,2000,0.343,0.447,0.274,0,163,0.341,0.438,60
AL,2000,0.367,0.47,0.288,0,162,0.35,0.425,134
NL,2000,0.362,0.455,0.294,0,162,0.354,0.471,71
AL,2000,0.343,0.438,0.275,0,162,0.34,0.443,-4
NL,2000,0.331,0.409,0.262,0,161,0.348,0.429,-66
NL,2000,0.361,0.477,0.278,0,162,0.353,0.476,-6
AL,2000,0.348,0.425,0.288,0,162,0.362,0.474,-51
NL,2000,0.341,0.431,0.257,0,162,0.332,0.407,69
NL,2000,0.325,0.403,0.246,0,163,0.357,0.42,-86
AL,2000,0.337,0.407,0.27,0,162,0.347,0.466,-132
NL,2000,0.326,0.432,0.266,0,162,0.353,0.449,-164
NL,2000,0.346,0.43,0.263,1,162,0.327,0.403,69
AL,2000,0.354,0.45,0.277,1,161,0.336,0.422,57
AL,2000,0.36,0.458,0.27,1,161,0.348,0.423,134
NL,2000,0.329,0.4,0.251,0,162,0.343,0.448,-122
NL,2000,0.339,0.424,0.267,0,162,0.361,0.432,-95
NL,2000,0.33,0.402,0.254,0,162,0.34,0.416,-63
AL,2000,0.361,0.442,0.269,1,162,0.339,0.416,127
NL,2000,0.362,0.472,0.278,1,162,0.342,0.412,178
NL,2000,0.356,0.455,0.27,1,162,0.338,0.434,116
AL,2000,0.329,0.399,0.257,0,161,0.345,0.451,-109
AL,2000,0.352,0.446,0.283,0,162,0.369,0.475,-126
AL,2000,0.341,0.469,0.275,0,162,0.354,0.456,-47
AL,1999,0.322,0.395,0.256,0,162,0.346,0.427,-115
NL,1999,0.347,0.459,0.277,1,162,0.32,0.402,232
NL,1999,0.341,0.436,0.266,1,162,0.314,0.377,179
AL,1999,0.353,0.447,0.279,0,162,0.35,0.441,36
AL,1999,0.35,0.448,0.278,1,162,0.315,0.398,118
NL,1999,0.329,0.42,0.257,0,162,0.346,0.467,-173
AL,1999,0.337,0.429,0.277,0,162,0.353,0.447,-93
NL,1999,0.341,0.451,0.272,0,163,0.324,0.411,154
AL,1999,0.373,0.467,0.289,1,162,0.347,0.439,149
NL,1999,0.348,0.472,0.288,0,162,0.384,0.499,-122
AL,1999,0.326,0.443,0.261,0,161,0.349,0.451,-135
NL,1999,0.325,0.395,0.263,0,162,0.359,0.44,-161
NL,1999,0.355,0.42,0.267,1,162,0.326,0.397,148
AL,1999,0.348,0.433,0.282,0,161,0.365,0.454,-65
NL,1999,0.339,0.42,0.266,0,162,0.336,0.422,6
NL,1999,0.353,0.426,0.273,0,161,0.356,0.457,-71
AL,1999,0.328,0.384,0.264,0,161,0.342,0.465,-159
NL,1999,0.323,0.427,0.265,0,162,0.342,0.418,-135
NL,1999,0.363,0.434,0.279,1,163,0.331,0.418,142
AL,1999,0.366,0.453,0.282,1,162,0.329,0.4,169
AL,1999,0.355,0.446,0.259,0,162,0.344,0.428,47
NL,1999,0.351,0.431,0.275,0,162,0.347,0.447,-5
NL,1999,0.334,0.419,0.259,0,161,0.343,0.42,-7
NL,1999,0.332,0.393,0.252,0,162,0.333,0.43,-71
AL,1999,0.343,0.455,0.269,0,162,0.368,0.454,-46
NL,1999,0.356,0.434,0.271,0,162,0.345,0.423,41
NL,1999,0.338,0.426,0.262,0,161,0.355,0.427,-29
AL,1999,0.343,0.411,0.274,0,162,0.371,0.448,-141
AL,1999,0.361,0.479,0.293,1,162,0.346,0.459,86
AL,1999,0.352,0.457,0.28,0,162,0.353,0.456,21
AL,1998,0.335,0.415,0.272,0,162,,,4
NL,1998,0.314,0.393,0.246,0,162,,,-147
NL,1998,0.342,0.453,0.272,1,162,,,245
AL,1998,0.347,0.447,0.273,0,162,,,32
AL,1998,0.348,0.463,0.28,1,162,,,147
NL,1998,0.337,0.433,0.264,1,163,,,39
AL,1998,0.339,0.444,0.271,0,163,,,-70
NL,1998,0.337,0.402,0.262,0,162,,,-10
AL,1998,0.347,0.448,0.272,1,162,,,71
NL,1998,0.347,0.461,0.291,0,162,,,-29
AL,1998,0.323,0.415,0.264,0,162,,,-141
NL,1998,0.317,0.373,0.248,0,162,,,-256
NL,1998,0.356,0.436,0.28,1,162,,,254
AL,1998,0.324,0.399,0.263,0,161,,,-185
NL,1998,0.31,0.387,0.252,0,162,,,-9
NL,1998,0.33,0.396,0.26,0,162,,,-105
AL,1998,0.328,0.389,0.266,0,162,,,-84
NL,1998,0.31,0.394,0.249,0,162,,,-139
NL,1998,0.33,0.394,0.259,0,162,,,61
AL,1998,0.364,0.46,0.288,1,162,,,309
AL,1998,0.338,0.397,0.257,0,162,,,-62
NL,1998,0.326,0.395,0.264,0,162,,,-95
NL,1998,0.311,0.374,0.254,0,163,,,-68
NL,1998,0.33,0.409,0.253,1,162,,,114
AL,1998,0.345,0.468,0.276,0,161,,,4
NL,1998,0.353,0.421,0.274,0,163,,,106
NL,1998,0.341,0.441,0.258,0,163,,,28
AL,1998,0.321,0.385,0.261,0,162,,,-131
AL,1998,0.357,0.462,0.289,1,162,,,69
AL,1998,0.34,0.448,0.266,0,163,,,48
AL,1997,0.346,0.416,0.272,0,162,,,35
NL,1997,0.343,0.426,0.27,1,162,,,210
AL,1997,0.341,0.429,0.268,1,162,,,131
AL,1997,0.352,0.463,0.291,0,162,,,-6
NL,1997,0.321,0.396,0.263,0,162,,,-72
AL,1997,0.341,0.417,0.273,0,161,,,-54
NL,1997,0.321,0.389,0.253,0,162,,,-113
AL,1997,0.358,0.467,0.286,1,161,,,53
NL,1997,0.357,0.478,0.288,0,162,,,15
AL,1997,0.332,0.415,0.258,0,162,,,-6
NL,1997,0.346,0.395,0.259,1,162,,,71
NL,1997,0.344,0.403,0.259,1,162,,,117
AL,1997,0.333,0.407,0.264,0,161,,,-73
NL,1997,0.33,0.418,0.268,0,162,,,97
AL,1997,0.325,0.398,0.26,0,161,,,-61
AL,1997,0.333,0.409,0.27,0,162,,,-89
NL,1997,0.316,0.425,0.258,0,162,,,-49
NL,1997,0.332,0.405,0.262,0,162,,,68
AL,1997,0.362,0.436,0.287,1,162,,,203
AL,1997,0.339,0.423,0.26,0,162,,,-182
NL,1997,0.322,0.385,0.255,0,162,,,-172
NL,1997,0.329,0.404,0.262,0,162,,,-35
NL,1997,0.342,0.407,0.271,0,162,,,-96
AL,1997,0.355,0.485,0.28,1,162,,,92
NL,1997,0.337,0.414,0.258,1,162,,,-9
NL,1997,0.324,0.396,0.255,0,162,,,-19
AL,1997,0.334,0.438,0.274,0,162,,,-16
AL,1997,0.31,0.389,0.244,0,162,,,-40
NL,1996,0.333,0.432,0.27,1,162,,,125
AL,1996,0.35,0.472,0.274,1,163,,,46
AL,1996,0.359,0.457,0.283,0,162,,,7
AL,1996,0.339,0.431,0.276,0,161,,,-181
NL,1996,0.32,0.401,0.251,0,162,,,1
AL,1996,0.36,0.447,0.281,0,162,,,104
NL,1996,0.331,0.422,0.256,0,162,,,5
AL,1996,0.369,0.475,0.293,1,161,,,183
NL,1996,0.355,0.472,0.287,0,162,,,-3
AL,1996,0.323,0.42,0.256,0,162,,,-320
NL,1996,0.329,0.393,0.257,0,162,,,-15
NL,1996,0.336,0.397,0.262,0,162,,,-39
AL,1996,0.332,0.398,0.267,0,161,,,-40
NL,1996,0.316,0.384,0.252,1,162,,,51
AL,1996,0.353,0.441,0.279,0,162,,,-5
AL,1996,0.357,0.425,0.288,0,162,,,-23
NL,1996,0.327,0.406,0.262,0,162,,,73
NL,1996,0.324,0.412,0.27,0,162,,,-33
AL,1996,0.36,0.436,0.288,1,162,,,84
AL,1996,0.344,0.452,0.265,0,162,,,-39
NL,1996,0.325,0.387,0.256,0,162,,,-140
NL,1996,0.329,0.407,0.266,0,162,,,-57
NL,1996,0.338,0.402,0.265,1,162,,,89
AL,1996,0.366,0.484,0.287,0,161,,,98
NL,1996,0.331,0.388,0.253,0,162,,,-110
NL,1996,0.33,0.407,0.267,1,162,,,53
AL,1996,0.358,0.469,0.284,1,163,,,129
AL,1996,0.331,0.42,0.259,0,162,,,-43
NL,1993,0.331,0.408,0.262,1,162,,,208
AL,1993,0.346,0.413,0.267,0,162,,,41
AL,1993,0.33,0.395,0.264,0,162,,,-12
AL,1993,0.331,0.38,0.26,0,162,,,-86
NL,1993,0.325,0.414,0.27,0,163,,,-1
AL,1993,0.338,0.411,0.265,1,162,,,112
NL,1993,0.324,0.396,0.264,0,162,,,-63
AL,1993,0.335,0.409,0.275,0,162,,,-23
NL,1993,0.323,0.422,0.273,0,162,,,-209
AL,1993,0.362,0.434,0.275,0,162,,,62
NL,1993,0.314,0.346,0.248,0,162,,,-143
NL,1993,0.33,0.409,0.267,0,162,,,86
AL,1993,0.32,0.397,0.263,0,162,,,-19
NL,1993,0.321,0.383,0.261,0,162,,,13
AL,1993,0.328,0.378,0.258,0,162,,,-59
AL,1993,0.327,0.385,0.264,0,162,,,-137
NL,1993,0.326,0.386,0.257,0,163,,,50
NL,1993,0.305,0.39,0.248,0,162,,,-72
AL,1993,0.353,0.435,0.279,0,162,,,60
AL,1993,0.33,0.394,0.254,0,162,,,-131
NL,1993,0.351,0.426,0.274,1,162,,,137
NL,1993,0.335,0.393,0.267,0,162,,,-99
NL,1993,0.312,0.389,0.252,0,162,,,-93
AL,1993,0.339,0.406,0.26,0,162,,,3
NL,1993,0.34,0.427,0.276,0,162,,,172
NL,1993,0.341,0.395,0.272,0,162,,,14
AL,1993,0.329,0.431,0.267,0,162,,,84
AL,1993,0.35,0.436,0.279,1,162,,,105
NL,1992,0.316,0.388,0.254,1,162,,,113
AL,1992,0.34,0.398,0.259,0,162,,,49
AL,1992,0.321,0.347,0.246,0,162,,,-70
AL,1992,0.301,0.338,0.243,0,162,,,-92
NL,1992,0.307,0.364,0.254,0,162,,,-31
AL,1992,0.336,0.383,0.261,0,162,,,48
NL,1992,0.328,0.382,0.26,0,162,,,51
AL,1992,0.323,0.383,0.266,0,162,,,-72
AL,1992,0.337,0.407,0.256,0,162,,,-3
NL,1992,0.313,0.359,0.246,0,162,,,-60
AL,1992,0.315,0.364,0.256,0,162,,,-57
NL,1992,0.313,0.339,0.248,0,162,,,-88
AL,1992,0.33,0.375,0.268,0,162,,,136
AL,1992,0.341,0.391,0.277,0,162,,,94
NL,1992,0.313,0.37,0.252,0,162,,,67
NL,1992,0.31,0.342,0.235,0,162,,,-54
AL,1992,0.328,0.406,0.261,0,162,,,-13
AL,1992,0.346,0.386,0.258,1,162,,,73
NL,1992,0.32,0.377,0.253,0,162,,,-31
NL,1992,0.324,0.381,0.255,1,162,,,98
NL,1992,0.313,0.386,0.255,0,162,,,-19
AL,1992,0.323,0.402,0.263,0,162,,,-120
NL,1992,0.302,0.355,0.244,0,162,,,-73
NL,1992,0.323,0.375,0.262,0,162,,,27
AL,1992,0.321,0.393,0.25,0,162,,,-71
AL,1992,0.333,0.414,0.263,1,162,,,98
NL,1991,0.328,0.393,0.258,1,162,,,105
AL,1991,0.319,0.401,0.254,0,162,,,-110
AL,1991,0.34,0.401,0.269,0,162,,,19
AL,1991,0.314,0.374,0.255,0,162,,,4
NL,1991,0.309,0.39,0.253,0,160,,,-39
AL,1991,0.336,0.391,0.262,0,162,,,77
NL,1991,0.32,0.403,0.258,0,162,,,-2
AL,1991,0.313,0.35,0.254,0,162,,,-183
AL,1991,0.333,0.416,0.247,0,162,,,23
NL,1991,0.309,0.347,0.244,0,162,,,-112
AL,1991,0.328,0.394,0.264,0,162,,,5
NL,1991,0.326,0.359,0.253,0,162,,,100
AL,1991,0.336,0.396,0.271,0,162,,,55
AL,1991,0.344,0.42,0.28,1,162,,,124
NL,1991,0.308,0.357,0.246,0,161,,,-76
NL,1991,0.317,0.365,0.244,0,161,,,-6
AL,1991,0.316,0.387,0.256,0,162,,,-103
AL,1991,0.331,0.389,0.248,0,162,,,-16
NL,1991,0.303,0.358,0.241,0,162,,,-51
NL,1991,0.338,0.398,0.263,1,162,,,136
NL,1991,0.31,0.362,0.244,0,162,,,-10
AL,1991,0.328,0.383,0.255,0,162,,,28
NL,1991,0.309,0.381,0.246,0,162,,,-48
NL,1991,0.322,0.357,0.255,0,162,,,3
AL,1991,0.341,0.424,0.27,0,162,,,15
AL,1991,0.322,0.4,0.257,1,162,,,62
NL,1990,0.311,0.396,0.25,0,162,,,-139
AL,1990,0.33,0.37,0.245,0,161,,,-29
AL,1990,0.344,0.395,0.272,1,162,,,35
AL,1990,0.329,0.391,0.26,0,162,,,-16
NL,1990,0.314,0.392,0.263,0,162,,,-84
AL,1990,0.32,0.379,0.258,0,162,,,49
NL,1990,0.325,0.399,0.265,1,162,,,96
AL,1990,0.324,0.391,0.267,0,162,,,-5
AL,1990,0.337,0.409,0.259,0,162,,,-4
NL,1990,0.313,0.345,0.242,0,162,,,-83
AL,1990,0.328,0.395,0.267,0,161,,,-2
NL,1990,0.328,0.382,0.262,0,162,,,43
AL,1990,0.32,0.384,0.256,0,162,,,-28
AL,1990,0.324,0.385,0.265,0,162,,,-63
NL,1990,0.322,0.37,0.25,0,162,,,64
NL,1990,0.323,0.408,0.256,0,162,,,162
AL,1990,0.3,0.366,0.241,0,162,,,-146
AL,1990,0.336,0.391,0.254,1,162,,,163
NL,1990,0.327,0.363,0.255,0,162,,,-83
NL,1990,0.33,0.405,0.259,1,162,,,114
NL,1990,0.32,0.38,0.257,0,162,,,0
AL,1990,0.333,0.373,0.259,0,162,,,-40
NL,1990,0.323,0.396,0.262,0,162,,,9
NL,1990,0.32,0.358,0.256,0,162,,,-99
AL,1990,0.331,0.376,0.259,0,162,,,-20
AL,1990,0.328,0.419,0.265,0,162,,,106
NL,1989,0.298,0.35,0.234,0,161,,,-96
AL,1989,0.326,0.379,0.252,0,162,,,22
AL,1989,0.351,0.403,0.277,0,162,,,39
AL,1989,0.311,0.386,0.256,0,162,,,91
NL,1989,0.319,0.387,0.261,1,162,,,79
AL,1989,0.328,0.383,0.271,0,161,,,-57
NL,1989,0.309,0.37,0.247,0,162,,,-59
AL,1989,0.31,0.365,0.245,0,162,,,-50
AL,1989,0.318,0.351,0.242,0,162,,,-199
NL,1989,0.306,0.345,0.239,0,162,,,-22
AL,1989,0.329,0.373,0.261,0,162,,,55
NL,1989,0.306,0.339,0.24,0,160,,,18
AL,1989,0.318,0.382,0.259,0,162,,,28
AL,1989,0.334,0.402,0.276,0,162,,,2
NL,1989,0.319,0.361,0.247,0,162,,,2
NL,1989,0.311,0.385,0.246,0,162,,,88
AL,1989,0.331,0.391,0.269,0,161,,,-94
AL,1989,0.331,0.381,0.261,1,162,,,136
NL,1989,0.314,0.364,0.243,0,163,,,-106
NL,1989,0.311,0.359,0.241,0,164,,,-43
NL,1989,0.319,0.369,0.251,0,162,,,16
AL,1989,0.32,0.384,0.257,0,162,,,-34
NL,1989,0.316,0.39,0.25,1,162,,,99
NL,1989,0.321,0.363,0.258,0,164,,,24
AL,1989,0.326,0.394,0.263,0,162,,,-19
AL,1989,0.323,0.398,0.26,1,162,,,80
NL,1988,0.298,0.348,0.242,0,160,,,-186
AL,1988,0.305,0.359,0.238,0,161,,,-239
AL,1988,0.357,0.42,0.283,1,162,,,124
AL,1988,0.321,0.385,0.261,0,162,,,-57
NL,1988,0.31,0.383,0.261,0,163,,,-34
AL,1988,0.303,0.37,0.244,0,161,,,-126
NL,1988,0.309,0.368,0.246,0,161,,,45
AL,1988,0.314,0.387,0.261,0,162,,,-65
AL,1988,0.324,0.378,0.25,0,162,,,45
NL,1988,0.306,0.351,0.244,0,162,,,-14
AL,1988,0.321,0.391,0.259,0,161,,,56
NL,1988,0.305,0.352,0.248,1,162,,,84
AL,1988,0.314,0.375,0.257,0,162,,,66
AL,1988,0.34,0.421,0.274,0,162,,,87
NL,1988,0.309,0.373,0.251,0,163,,,36
NL,1988,0.325,0.396,0.256,1,160,,,171
AL,1988,0.333,0.395,0.263,0,161,,,24
AL,1988,0.336,0.399,0.263,1,162,,,180
NL,1988,0.306,0.355,0.239,0,162,,,-137
NL,1988,0.317,0.369,0.247,0,160,,,35
NL,1988,0.31,0.351,0.247,0,161,,,11
AL,1988,0.317,0.398,0.257,0,161,,,-80
NL,1988,0.318,0.368,0.248,0,162,,,44
NL,1988,0.309,0.337,0.249,0,162,,,-55
AL,1988,0.32,0.368,0.252,0,161,,,-98
AL,1988,0.332,0.419,0.268,0,162,,,83
NL,1987,0.339,0.403,0.258,0,161,,,-82
AL,1987,0.322,0.418,0.258,0,162,,,-151
AL,1987,0.352,0.43,0.278,0,162,,,17
AL,1987,0.326,0.401,0.252,0,162,,,-33
NL,1987,0.326,0.432,0.264,0,161,,,-81
AL,1987,0.319,0.415,0.258,0,162,,,2
NL,1987,0.33,0.427,0.266,0,162,,,31
AL,1987,0.324,0.422,0.263,0,162,,,-215
AL,1987,0.349,0.451,0.272,1,162,,,161
NL,1987,0.318,0.373,0.253,0,162,,,-30
AL,1987,0.328,0.412,0.262,0,162,,,24
NL,1987,0.309,0.371,0.252,0,162,,,-40
AL,1987,0.346,0.428,0.276,0,162,,,45
AL,1987,0.328,0.43,0.261,1,162,,,-20
NL,1987,0.328,0.401,0.265,0,162,,,21
NL,1987,0.339,0.434,0.268,0,162,,,125
AL,1987,0.336,0.418,0.262,0,162,,,30
AL,1987,0.333,0.428,0.26,0,162,,,17
NL,1987,0.327,0.41,0.254,0,162,,,-47
NL,1987,0.33,0.403,0.264,0,162,,,-21
NL,1987,0.332,0.378,0.26,0,162,,,-95
AL,1987,0.335,0.428,0.272,0,162,,,-41
NL,1987,0.324,0.43,0.26,1,162,,,114
NL,1987,0.34,0.378,0.263,1,162,,,105
AL,1987,0.333,0.43,0.266,0,162,,,-26
AL,1987,0.336,0.446,0.269,0,162,,,190
NL,1986,0.319,0.381,0.25,0,161,,,-104
AL,1986,0.327,0.395,0.258,0,162,,,-52
AL,1986,0.346,0.415,0.271,1,161,,,98
AL,1986,0.338,0.404,0.255,1,162,,,102
NL,1986,0.318,0.398,0.256,0,160,,,-101
AL,1986,0.31,0.363,0.247,0,162,,,-55
NL,1986,0.325,0.387,0.254,0,162,,,15
AL,1986,0.337,0.43,0.284,0,163,,,-10
AL,1986,0.338,0.424,0.263,0,162,,,84
NL,1986,0.322,0.381,0.255,1,162,,,85
AL,1986,0.313,0.39,0.252,0,162,,,-19
NL,1986,0.313,0.37,0.251,0,162,,,-41
AL,1986,0.321,0.385,0.255,0,161,,,-67
AL,1986,0.325,0.428,0.261,0,162,,,-98
NL,1986,0.322,0.379,0.254,0,161,,,-51
NL,1986,0.339,0.401,0.263,1,162,,,205
AL,1986,0.347,0.43,0.271,0,162,,,59
AL,1986,0.322,0.39,0.252,0,162,,,-29
NL,1986,0.327,0.4,0.253,0,161,,,26
NL,1986,0.321,0.374,0.25,0,162,,,-37
NL,1986,0.321,0.388,0.261,0,162,,,-67
AL,1986,0.326,0.399,0.253,0,162,,,-117
NL,1986,0.322,0.375,0.253,0,162,,,80
NL,1986,0.309,0.327,0.236,0,161,,,-10
AL,1986,0.331,0.428,0.267,0,162,,,28
AL,1986,0.329,0.427,0.269,0,163,,,76
NL,1985,0.315,0.363,0.246,0,162,,,-149
AL,1985,0.336,0.43,0.263,0,161,,,54
AL,1985,0.347,0.429,0.282,0,163,,,80
AL,1985,0.333,0.386,0.251,0,162,,,29
NL,1985,0.324,0.39,0.254,0,162,,,-43
AL,1985,0.315,0.392,0.253,0,163,,,16
NL,1985,0.327,0.376,0.255,0,162,,,11
AL,1985,0.324,0.385,0.265,0,162,,,-132
AL,1985,0.318,0.424,0.253,0,161,,,41
NL,1985,0.319,0.388,0.261,0,162,,,15
AL,1985,0.313,0.401,0.252,1,162,,,48
NL,1985,0.328,0.382,0.261,1,162,,,103
AL,1985,0.319,0.379,0.263,0,161,,,-112
AL,1985,0.326,0.407,0.264,0,162,,,-77
NL,1985,0.31,0.375,0.247,0,161,,,-3
NL,1985,0.323,0.385,0.257,0,162,,,127
AL,1985,0.344,0.425,0.267,0,161,,,179
AL,1985,0.325,0.401,0.264,0,162,,,-30
NL,1985,0.312,0.383,0.245,0,162,,,-6
NL,1985,0.311,0.347,0.247,0,161,,,-140
NL,1985,0.32,0.368,0.255,0,162,,,28
AL,1985,0.326,0.412,0.255,0,162,,,-99
NL,1985,0.299,0.348,0.233,0,162,,,-118
NL,1985,0.335,0.379,0.264,1,162,,,175
AL,1985,0.322,0.381,0.253,0,161,,,-168
AL,1985,0.331,0.425,0.269,1,161,,,171
NL,1984,0.317,0.361,0.247,0,162,,,-23
AL,1984,0.328,0.391,0.252,0,162,,,14
AL,1984,0.341,0.441,0.283,0,162,,,46
AL,1984,0.319,0.381,0.249,0,162,,,-1
NL,1984,0.331,0.397,0.26,1,161,,,104
AL,1984,0.314,0.395,0.247,0,162,,,-57
NL,1984,0.313,0.356,0.244,0,162,,,-120
AL,1984,0.335,0.384,0.265,0,163,,,-5
AL,1984,0.342,0.432,0.271,1,162,,,186
NL,1984,0.323,0.371,0.264,0,162,,,63
AL,1984,0.317,0.399,0.268,1,162,,,-13
NL,1984,0.306,0.348,0.244,0,162,,,-20
AL,1984,0.317,0.37,0.262,0,161,,,-93
AL,1984,0.318,0.385,0.265,0,162,,,-2
NL,1984,0.312,0.362,0.251,0,161,,,8
NL,1984,0.32,0.369,0.257,0,162,,,-24
AL,1984,0.339,0.404,0.276,0,162,,,79
AL,1984,0.327,0.404,0.259,0,162,,,-58
NL,1984,0.333,0.407,0.266,0,162,,,30
NL,1984,0.31,0.363,0.255,0,162,,,48
NL,1984,0.317,0.371,0.259,1,162,,,52
AL,1984,0.324,0.384,0.258,0,162,,,-92
NL,1984,0.328,0.375,0.265,0,162,,,-125
NL,1984,0.317,0.351,0.252,0,162,,,7
AL,1984,0.313,0.377,0.261,0,161,,,-58
AL,1984,0.331,0.421,0.273,0,163,,,54
NL,1983,0.341,0.4,0.272,0,162,,,106
AL,1983,0.34,0.421,0.269,1,162,,,147
AL,1983,0.335,0.409,0.27,0,162,,,-51
AL,1983,0.322,0.393,0.26,0,162,,,-57
NL,1983,0.319,0.401,0.261,0,162,,,-18
AL,1983,0.329,0.413,0.262,1,162,,,150
NL,1983,0.314,0.356,0.239,0,162,,,-87
AL,1983,0.338,0.369,0.265,0,162,,,-81
AL,1983,0.335,0.427,0.274,0,162,,,110
NL,1983,0.32,0.375,0.257,0,162,,,-3
AL,1983,0.32,0.397,0.271,0,163,,,-71
NL,1983,0.318,0.379,0.25,1,163,,,45
AL,1983,0.333,0.418,0.277,0,162,,,56
AL,1983,0.319,0.401,0.261,0,162,,,-113
NL,1983,0.326,0.386,0.264,0,163,,,31
NL,1983,0.3,0.344,0.241,0,162,,,-105
AL,1983,0.337,0.416,0.273,0,162,,,67
AL,1983,0.326,0.381,0.262,0,162,,,-74
NL,1983,0.329,0.373,0.249,1,163,,,61
NL,1983,0.325,0.383,0.264,0,162,,,11
NL,1983,0.311,0.351,0.25,0,163,,,0
AL,1983,0.301,0.36,0.24,0,162,,,-182
NL,1983,0.325,0.375,0.247,0,162,,,-10
NL,1983,0.335,0.384,0.27,0,162,,,-31
AL,1983,0.31,0.366,0.255,0,163,,,30
AL,1983,0.338,0.436,0.277,0,162,,,69
NL,1982,0.325,0.383,0.256,1,162,,,37
AL,1982,0.341,0.419,0.266,0,163,,,87
AL,1982,0.34,0.407,0.274,0,162,,,40
AL,1982,0.347,0.433,0.274,1,162,,,144
NL,1982,0.317,0.375,0.26,0,162,,,-33
AL,1982,0.337,0.413,0.273,0,162,,,76
NL,1982,0.31,0.35,0.251,0,162,,,-116
AL,1982,0.341,0.373,0.262,0,162,,,-65
AL,1982,0.324,0.418,0.266,0,162,,,44
NL,1982,0.302,0.349,0.247,0,162,,,-51
AL,1982,0.337,0.428,0.285,0,162,,,67
NL,1982,0.327,0.388,0.264,0,162,,,79
AL,1982,0.335,0.455,0.279,1,163,,,174
AL,1982,0.316,0.396,0.257,0,162,,,-162
NL,1982,0.325,0.396,0.262,0,162,,,81
NL,1982,0.305,0.35,0.247,0,162,,,-114
AL,1982,0.328,0.398,0.256,0,162,,,-7
AL,1982,0.309,0.367,0.236,0,162,,,-128
NL,1982,0.323,0.376,0.26,0,162,,,10
NL,1982,0.327,0.408,0.273,0,162,,,28
NL,1982,0.311,0.359,0.257,0,162,,,17
AL,1982,0.311,0.381,0.254,0,162,,,-61
NL,1982,0.327,0.376,0.253,0,162,,,-14
NL,1982,0.334,0.364,0.264,1,162,,,76
AL,1982,0.308,0.359,0.249,0,162,,,-159
AL,1982,0.314,0.383,0.262,0,162,,,-50
NL,1980,0.307,0.38,0.25,0,161,,,-30
AL,1980,0.342,0.413,0.273,0,162,,,165
AL,1980,0.34,0.436,0.283,0,160,,,-10
AL,1980,0.332,0.378,0.265,0,160,,,-99
NL,1980,0.309,0.365,0.251,0,162,,,-114
AL,1980,0.311,0.37,0.259,0,162,,,-135
NL,1980,0.327,0.386,0.262,0,163,,,37
AL,1980,0.35,0.381,0.277,0,160,,,-69
AL,1980,0.348,0.409,0.273,0,163,,,73
NL,1980,0.326,0.367,0.261,1,163,,,48
AL,1980,0.345,0.413,0.286,1,162,,,115
NL,1980,0.323,0.388,0.263,0,163,,,72
AL,1980,0.329,0.448,0.275,0,162,,,129
AL,1980,0.319,0.381,0.265,0,161,,,-54
NL,1980,0.324,0.388,0.257,0,162,,,65
NL,1980,0.319,0.345,0.257,0,162,,,-91
AL,1980,0.343,0.425,0.267,1,162,,,158
AL,1980,0.322,0.385,0.259,0,162,,,44
NL,1980,0.327,0.4,0.27,1,162,,,89
NL,1980,0.322,0.388,0.266,0,162,,,20
NL,1980,0.324,0.342,0.255,0,163,,,-63
AL,1980,0.308,0.356,0.248,0,163,,,-183
NL,1980,0.308,0.342,0.244,0,161,,,-61
NL,1980,0.328,0.4,0.275,0,162,,,28
AL,1980,0.339,0.405,0.284,0,163,,,4
AL,1980,0.309,0.383,0.251,0,162,,,-138
NL,1979,0.318,0.377,0.256,0,160,,,-94
AL,1979,0.336,0.419,0.261,1,159,,,175
AL,1979,0.344,0.456,0.283,0,160,,,130
AL,1979,0.351,0.429,0.282,1,162,,,98
NL,1979,0.329,0.403,0.269,0,162,,,-1
AL,1979,0.333,0.41,0.275,0,160,,,-18
NL,1979,0.338,0.396,0.264,1,161,,,87
AL,1979,0.34,0.384,0.258,0,161,,,-45
AL,1979,0.339,0.415,0.269,0,161,,,32
NL,1979,0.315,0.344,0.256,0,162,,,1
AL,1979,0.343,0.422,0.282,0,162,,,35
NL,1979,0.331,0.412,0.263,0,162,,,22
AL,1979,0.345,0.448,0.28,0,161,,,85
AL,1979,0.341,0.402,0.278,0,162,,,39
NL,1979,0.319,0.408,0.264,0,160,,,120
NL,1979,0.313,0.35,0.25,0,163,,,-113
AL,1979,0.328,0.406,0.266,0,160,,,62
AL,1979,0.302,0.346,0.239,0,162,,,-287
NL,1979,0.34,0.396,0.266,0,163,,,-35
NL,1979,0.33,0.416,0.272,1,163,,,132
NL,1979,0.311,0.348,0.242,0,161,,,-78
AL,1979,0.331,0.404,0.269,0,162,,,-109
NL,1979,0.319,0.365,0.246,0,162,,,-79
NL,1979,0.331,0.401,0.278,0,163,,,38
AL,1979,0.334,0.409,0.278,0,162,,,52
AL,1979,0.311,0.363,0.251,0,162,,,-249
NL,1978,0.315,0.363,0.244,0,162,,,-150
AL,1978,0.326,0.396,0.258,0,161,,,26
AL,1978,0.336,0.424,0.267,0,163,,,139
AL,1978,0.33,0.37,0.259,0,162,,,25
NL,1978,0.331,0.361,0.264,0,162,,,-60
AL,1978,0.317,0.379,0.264,0,161,,,-97
NL,1978,0.334,0.393,0.256,0,161,,,22
AL,1978,0.323,0.379,0.261,0,159,,,-55
AL,1978,0.339,0.392,0.271,0,162,,,61
NL,1978,0.313,0.355,0.258,0,162,,,-29
AL,1978,0.329,0.399,0.268,1,162,,,109
NL,1978,0.338,0.402,0.264,1,162,,,154
AL,1978,0.339,0.432,0.276,0,162,,,154
AL,1978,0.339,0.375,0.267,0,162,,,-12
NL,1978,0.306,0.379,0.254,0,162,,,22
NL,1978,0.314,0.352,0.245,0,162,,,-83
AL,1978,0.329,0.388,0.267,1,163,,,153
AL,1978,0.303,0.351,0.245,0,162,,,-158
NL,1978,0.328,0.388,0.258,1,162,,,122
NL,1978,0.32,0.385,0.257,0,161,,,47
NL,1978,0.321,0.348,0.252,0,162,,,-7
AL,1978,0.314,0.359,0.248,0,160,,,-220
NL,1978,0.318,0.374,0.248,0,162,,,19
NL,1978,0.303,0.358,0.249,0,162,,,-57
AL,1978,0.332,0.381,0.253,0,162,,,60
AL,1978,0.308,0.359,0.25,0,161,,,-185
NL,1977,0.32,0.376,0.254,0,162,,,-217
AL,1977,0.329,0.393,0.261,0,161,,,66
AL,1977,0.345,0.465,0.281,0,161,,,147
AL,1977,0.324,0.386,0.255,0,162,,,-20
NL,1977,0.33,0.387,0.266,0,162,,,-47
AL,1977,0.344,0.444,0.278,0,162,,,73
NL,1977,0.345,0.436,0.274,0,162,,,77
AL,1977,0.334,0.38,0.269,0,161,,,-63
AL,1977,0.318,0.41,0.264,0,162,,,-37
NL,1977,0.32,0.385,0.254,0,162,,,30
AL,1977,0.34,0.436,0.277,1,162,,,171
NL,1977,0.336,0.418,0.266,1,162,,,187
AL,1977,0.314,0.389,0.258,0,162,,,-126
AL,1977,0.348,0.417,0.282,0,161,,,91
NL,1977,0.318,0.402,0.26,0,162,,,-71
NL,1977,0.313,0.346,0.244,0,162,,,-76
AL,1977,0.344,0.444,0.281,1,162,,,180
AL,1977,0.308,0.352,0.24,0,161,,,-144
NL,1977,0.346,0.448,0.279,1,162,,,179
NL,1977,0.331,0.413,0.274,0,162,,,69
NL,1977,0.324,0.375,0.249,0,162,,,-142
AL,1977,0.312,0.381,0.256,0,162,,,-231
NL,1977,0.323,0.383,0.253,0,162,,,-38
NL,1977,0.33,0.388,0.27,0,162,,,49
AL,1977,0.342,0.405,0.27,0,162,,,110
AL,1977,0.316,0.365,0.252,0,161,,,-217
NL,1976,0.32,0.334,0.245,0,162,,,-80
AL,1976,0.31,0.358,0.243,0,162,,,21
AL,1976,0.324,0.402,0.263,0,162,,,56
AL,1976,0.306,0.318,0.235,0,162,,,-81
NL,1976,0.313,0.356,0.251,0,162,,,-117
AL,1976,0.314,0.349,0.255,0,161,,,-159
NL,1976,0.357,0.424,0.28,1,162,,,224
AL,1976,0.321,0.359,0.263,0,159,,,0
AL,1976,0.315,0.365,0.257,0,161,,,-100
NL,1976,0.322,0.347,0.256,0,162,,,-32
AL,1976,0.327,0.371,0.269,1,162,,,102
NL,1976,0.313,0.349,0.251,0,162,,,65
AL,1976,0.311,0.34,0.246,0,161,,,-85
AL,1976,0.341,0.375,0.274,0,162,,,39
NL,1976,0.291,0.34,0.235,0,162,,,-203
NL,1976,0.319,0.352,0.246,0,162,,,77
AL,1976,0.328,0.389,0.269,1,159,,,155
AL,1976,0.323,0.361,0.246,0,161,,,88
NL,1976,0.338,0.395,0.272,1,162,,,213
NL,1976,0.321,0.391,0.267,0,162,,,78
NL,1976,0.31,0.337,0.247,0,162,,,-92
NL,1976,0.312,0.345,0.246,0,162,,,-91
NL,1976,0.323,0.359,0.26,0,162,,,-42
AL,1976,0.321,0.341,0.25,0,162,,,-36
NL,1975,0.313,0.346,0.244,0,161,,,-156
AL,1975,0.326,0.373,0.252,0,159,,,129
AL,1975,0.344,0.417,0.275,1,160,,,87
AL,1975,0.322,0.328,0.246,0,161,,,-95
NL,1975,0.338,0.368,0.259,0,162,,,-115
AL,1975,0.331,0.358,0.255,0,161,,,-48
NL,1975,0.353,0.401,0.271,1,162,,,254
AL,1975,0.327,0.392,0.261,0,159,,,-15
AL,1975,0.301,0.366,0.249,0,159,,,-216
NL,1975,0.32,0.359,0.254,0,162,,,-47
AL,1975,0.333,0.394,0.261,0,162,,,61
NL,1975,0.325,0.365,0.248,0,162,,,114
AL,1975,0.32,0.389,0.25,0,162,,,-117
AL,1975,0.341,0.386,0.271,0,159,,,-12
NL,1975,0.317,0.348,0.244,0,162,,,-89
NL,1975,0.319,0.361,0.256,0,162,,,21
AL,1975,0.325,0.382,0.264,0,160,,,93
AL,1975,0.333,0.391,0.254,1,162,,,152
NL,1975,0.342,0.402,0.269,0,162,,,41
NL,1975,0.323,0.402,0.263,1,161,,,147
NL,1975,0.31,0.335,0.244,0,162,,,-131
NL,1975,0.333,0.365,0.259,0,161,,,-12
NL,1975,0.327,0.375,0.273,0,163,,,-27
AL,1975,0.33,0.371,0.256,0,162,,,-19
NL,1974,0.319,0.363,0.249,0,163,,,98
AL,1974,0.322,0.37,0.256,1,162,,,47
AL,1974,0.333,0.377,0.264,0,162,,,35
AL,1974,0.321,0.356,0.254,0,163,,,-39
NL,1974,0.327,0.365,0.251,0,162,,,-157
AL,1974,0.33,0.389,0.268,0,163,,,-37
NL,1974,0.343,0.394,0.26,0,163,,,145
AL,1974,0.311,0.37,0.255,0,162,,,-32
AL,1974,0.303,0.366,0.247,0,162,,,-148
NL,1974,0.322,0.378,0.263,0,162,,,21
AL,1974,0.327,0.364,0.259,0,162,,,5
NL,1974,0.342,0.401,0.272,1,162,,,237
AL,1974,0.309,0.369,0.244,0,162,,,-13
AL,1974,0.336,0.378,0.272,0,163,,,4
NL,1974,0.335,0.35,0.254,0,161,,,5
NL,1974,0.311,0.329,0.235,0,162,,,-74
AL,1974,0.324,0.368,0.263,0,162,,,48
AL,1974,0.321,0.373,0.247,1,162,,,138
NL,1974,0.32,0.373,0.261,0,162,,,-25
NL,1974,0.335,0.391,0.274,1,162,,,94
NL,1974,0.302,0.33,0.229,0,162,,,-289
NL,1974,0.322,0.358,0.252,0,162,,,-89
NL,1974,0.331,0.365,0.265,0,161,,,34
AL,1974,0.336,0.377,0.272,0,161,,,-8
NL,1973,0.339,0.427,0.266,0,162,,,25
AL,1973,0.345,0.389,0.266,1,162,,,193
AL,1973,0.338,0.401,0.267,0,162,,,91
AL,1973,0.318,0.348,0.253,0,162,,,-28
NL,1973,0.32,0.357,0.247,0,161,,,-41
AL,1973,0.324,0.372,0.256,0,162,,,-53
NL,1973,0.332,0.383,0.254,1,162,,,120
AL,1973,0.315,0.387,0.256,0,162,,,-146
AL,1973,0.32,0.39,0.254,0,162,,,-32
NL,1973,0.312,0.376,0.251,0,162,,,9
AL,1973,0.339,0.381,0.261,0,162,,,3
NL,1973,0.323,0.371,0.263,0,162,,,110
AL,1973,0.325,0.388,0.253,0,162,,,-23
AL,1973,0.342,0.393,0.27,0,162,,,46
NL,1973,0.34,0.364,0.251,0,162,,,-34
NL,1973,0.315,0.338,0.246,1,161,,,20
AL,1973,0.322,0.378,0.261,0,162,,,31
AL,1973,0.333,0.389,0.26,1,162,,,143
NL,1973,0.31,0.371,0.249,0,162,,,-75
NL,1973,0.315,0.405,0.261,0,162,,,11
NL,1973,0.296,0.351,0.244,0,162,,,-222
NL,1973,0.335,0.407,0.262,0,162,,,37
NL,1973,0.325,0.357,0.259,0,162,,,40
AL,1973,0.318,0.361,0.255,0,162,,,-225
NL,1971,0.312,0.385,0.257,0,162,,,-56
AL,1971,0.347,0.398,0.261,1,158,,,212
AL,1971,0.322,0.397,0.252,0,162,,,24
AL,1971,0.29,0.329,0.231,0,162,,,-65
NL,1971,0.325,0.378,0.258,0,162,,,-11
AL,1971,0.325,0.373,0.25,0,162,,,20
NL,1971,0.3,0.366,0.241,0,162,,,5
AL,1971,0.3,0.342,0.238,0,162,,,-204
AL,1971,0.325,0.405,0.254,0,162,,,56
NL,1971,0.302,0.34,0.24,0,162,,,18
AL,1971,0.313,0.353,0.25,0,161,,,37
NL,1971,0.325,0.37,0.266,0,162,,,76
AL,1971,0.304,0.329,0.229,0,161,,,-75
AL,1971,0.323,0.372,0.26,0,160,,,-16
NL,1971,0.322,0.343,0.246,0,162,,,-107
NL,1971,0.319,0.351,0.249,0,162,,,38
AL,1971,0.328,0.36,0.254,0,162,,,7
AL,1971,0.321,0.384,0.252,1,161,,,127
NL,1971,0.298,0.35,0.233,0,162,,,-130
NL,1971,0.33,0.416,0.274,1,162,,,189
NL,1971,0.293,0.332,0.233,0,161,,,-124
NL,1971,0.329,0.378,0.247,1,162,,,62
NL,1971,0.338,0.385,0.275,0,163,,,40
AL,1971,0.307,0.326,0.23,0,159,,,-123
NL,1970,0.334,0.404,0.27,0,162,,,-36
AL,1970,0.344,0.401,0.257,1,162,,,218
AL,1970,0.335,0.428,0.262,0,162,,,64
AL,1970,0.309,0.363,0.251,0,162,,,1
NL,1970,0.333,0.415,0.259,0,162,,,127
AL,1970,0.315,0.362,0.253,0,162,,,-189
NL,1970,0.336,0.436,0.27,1,162,,,94
AL,1970,0.314,0.394,0.249,0,162,,,-26
AL,1970,0.322,0.374,0.238,0,162,,,-65
NL,1970,0.332,0.391,0.259,0,162,,,-19
AL,1970,0.309,0.348,0.244,0,162,,,-94
NL,1970,0.334,0.382,0.27,0,161,,,65
AL,1970,0.319,0.358,0.242,0,163,,,-138
AL,1970,0.327,0.403,0.262,1,162,,,139
NL,1970,0.323,0.365,0.237,0,162,,,-120
NL,1970,0.333,0.37,0.249,0,162,,,65
AL,1970,0.324,0.365,0.251,0,163,,,68
AL,1970,0.325,0.392,0.249,0,162,,,85
NL,1970,0.305,0.356,0.238,0,161,,,-136
NL,1970,0.325,0.406,0.27,1,162,,,65
NL,1970,0.312,0.391,0.246,0,162,,,-107
NL,1970,0.351,0.409,0.262,0,162,,,5
NL,1970,0.331,0.379,0.263,0,162,,,-3
AL,1970,0.321,0.358,0.238,0,162,,,-63
NL,1969,0.321,0.38,0.258,1,162,,,60
AL,1969,0.343,0.414,0.265,1,162,,,262
AL,1969,0.333,0.415,0.251,0,162,,,7
AL,1969,0.3,0.319,0.23,0,163,,,-124
NL,1969,0.323,0.384,0.253,0,163,,,109
AL,1969,0.32,0.357,0.247,0,162,,,-98
NL,1969,0.335,0.422,0.277,0,163,,,30
AL,1969,0.307,0.345,0.237,0,161,,,-144
AL,1969,0.316,0.387,0.242,0,162,,,100
NL,1969,0.33,0.352,0.24,0,162,,,8
AL,1969,0.309,0.338,0.24,0,163,,,-102
NL,1969,0.315,0.359,0.254,0,162,,,84
AL,1969,0.34,0.408,0.268,1,162,,,172
NL,1969,0.31,0.359,0.24,0,162,,,-209
NL,1969,0.311,0.351,0.242,1,162,,,91
AL,1969,0.308,0.344,0.235,0,162,,,-25
AL,1969,0.329,0.376,0.249,0,162,,,62
NL,1969,0.312,0.372,0.241,0,162,,,-100
NL,1969,0.334,0.398,0.277,0,162,,,73
NL,1969,0.285,0.329,0.225,0,162,,,-278
AL,1969,0.316,0.346,0.234,0,163,,,-160
NL,1969,0.334,0.361,0.242,0,162,,,77
NL,1969,0.316,0.359,0.253,0,162,,,55
AL,1969,0.33,0.378,0.251,0,162,,,50
NL,1968,0.307,0.339,0.252,0,163,,,-35
AL,1968,0.304,0.352,0.225,0,162,,,82
AL,1968,0.313,0.352,0.236,0,162,,,3
AL,1968,0.291,0.318,0.227,0,162,,,-117
NL,1968,0.298,0.366,0.242,0,163,,,1
AL,1968,0.284,0.311,0.228,0,162,,,-64
NL,1968,0.32,0.389,0.273,0,163,,,17
AL,1968,0.293,0.327,0.234,0,162,,,12
AL,1968,0.307,0.385,0.235,1,164,,,179
NL,1968,0.298,0.317,0.231,0,162,,,-78
NL,1968,0.289,0.319,0.23,0,162,,,-39
AL,1968,0.299,0.35,0.237,0,162,,,16
NL,1968,0.281,0.315,0.228,0,163,,,-26
AL,1968,0.292,0.318,0.214,0,164,,,5
AL,1968,0.304,0.343,0.24,0,163,,,25
NL,1968,0.294,0.333,0.233,0,162,,,-72
NL,1968,0.306,0.343,0.252,0,163,,,51
NL,1968,0.307,0.341,0.239,0,163,,,70
NL,1968,0.298,0.346,0.249,1,162,,,111
AL,1968,0.287,0.336,0.224,0,161,,,-141
NL,1967,0.307,0.372,0.24,0,162,,,-9
AL,1967,0.31,0.372,0.24,0,161,,,62
AL,1967,0.321,0.395,0.255,1,162,,,108
AL,1967,0.301,0.349,0.238,0,161,,,-20
NL,1967,0.316,0.378,0.251,0,162,,,78
AL,1967,0.291,0.32,0.225,0,162,,,40
NL,1967,0.297,0.372,0.248,0,162,,,41
AL,1967,0.293,0.359,0.235,0,162,,,-54
AL,1967,0.325,0.376,0.243,0,163,,,96
NL,1967,0.317,0.364,0.249,0,162,,,-116
AL,1967,0.296,0.33,0.233,0,161,,,-127
NL,1967,0.301,0.332,0.236,0,162,,,-76
AL,1967,0.309,0.369,0.24,0,164,,,81
NL,1967,0.288,0.325,0.238,0,162,,,-174
AL,1967,0.296,0.317,0.225,0,163,,,-99
NL,1967,0.313,0.357,0.242,0,162,,,31
NL,1967,0.324,0.38,0.277,0,163,,,-14
NL,1967,0.313,0.372,0.245,0,162,,,101
NL,1967,0.32,0.379,0.263,1,161,,,138
AL,1967,0.288,0.326,0.223,0,161,,,-87
NL,1966,0.326,0.424,0.263,0,163,,,99
AL,1966,0.324,0.409,0.258,1,160,,,154
AL,1966,0.31,0.376,0.24,0,162,,,-76
AL,1966,0.303,0.354,0.232,0,162,,,-39
NL,1966,0.313,0.38,0.254,0,162,,,-165
AL,1966,0.297,0.331,0.231,0,163,,,57
NL,1966,0.309,0.395,0.26,0,160,,,-10
AL,1966,0.297,0.36,0.237,0,162,,,-12
AL,1966,0.321,0.406,0.251,0,162,,,21
NL,1966,0.318,0.365,0.255,0,163,,,-83
AL,1966,0.294,0.337,0.236,0,160,,,-84
NL,1966,0.314,0.362,0.256,1,162,,,116
AL,1966,0.316,0.382,0.249,0,162,,,82
NL,1966,0.301,0.342,0.239,0,161,,,-174
AL,1966,0.299,0.374,0.235,0,160,,,-1
NL,1966,0.322,0.378,0.258,0,162,,,56
NL,1966,0.329,0.428,0.279,0,162,,,118
NL,1966,0.303,0.392,0.248,0,161,,,49
NL,1966,0.298,0.368,0.251,0,162,,,-6
AL,1966,0.295,0.355,0.234,0,159,,,-102
AL,1965,0.307,0.363,0.238,0,162,,,63
AL,1965,0.327,0.4,0.251,0,162,,,-122
AL,1965,0.297,0.341,0.239,0,162,,,-42
NL,1965,0.307,0.358,0.238,0,164,,,-88
AL,1965,0.315,0.364,0.246,0,162,,,92
NL,1965,0.339,0.439,0.273,0,162,,,121
AL,1965,0.315,0.379,0.25,0,162,,,50
AL,1965,0.312,0.374,0.238,0,162,,,78
NL,1965,0.305,0.34,0.237,0,162,,,-142
AL,1965,0.309,0.358,0.24,0,162,,,-170
NL,1965,0.312,0.335,0.245,1,162,,,87
AL,1965,0.324,0.399,0.254,1,162,,,174
NL,1965,0.31,0.416,0.256,0,162,,,75
NL,1965,0.277,0.327,0.221,0,164,,,-257
AL,1965,0.299,0.364,0.235,0,162,,,7
NL,1965,0.313,0.384,0.25,0,162,,,-13
NL,1965,0.317,0.382,0.265,0,163,,,95
NL,1965,0.313,0.385,0.252,0,163,,,89
NL,1965,0.314,0.371,0.254,0,162,,,33
AL,1965,0.304,0.35,0.228,0,162,,,-130
AL,1964,0.316,0.387,0.248,0,163,,,112
AL,1964,0.322,0.416,0.258,0,162,,,-105
NL,1964,0.314,0.39,0.251,0,162,,,-75
AL,1964,0.32,0.353,0.247,0,162,,,141
NL,1964,0.308,0.372,0.249,0,163,,,94
AL,1964,0.312,0.38,0.247,0,164,,,-4
AL,1964,0.319,0.395,0.253,0,163,,,21
NL,1964,0.285,0.315,0.229,0,162,,,-133
AL,1964,0.311,0.379,0.239,0,163,,,-215
AL,1964,0.304,0.344,0.242,0,162,,,-7
NL,1964,0.305,0.34,0.25,0,164,,,42
AL,1964,0.322,0.427,0.252,0,163,,,59
NL,1964,0.333,0.418,0.272,0,162,,,59
NL,1964,0.296,0.348,0.246,0,163,,,-207
AL,1964,0.317,0.387,0.253,1,164,,,153
NL,1964,0.315,0.391,0.258,0,162,,,61
NL,1964,0.315,0.389,0.264,0,162,,,27
NL,1964,0.31,0.382,0.246,0,162,,,69
NL,1964,0.324,0.392,0.272,1,162,,,63
AL,1964,0.299,0.348,0.231,0,162,,,-155
AL,1963,0.31,0.38,0.249,0,162,,,23
AL,1963,0.312,0.4,0.252,0,161,,,-38
NL,1963,0.297,0.363,0.238,0,162,,,-8
AL,1963,0.323,0.365,0.25,0,162,,,139
NL,1963,0.31,0.371,0.246,0,162,,,54
AL,1963,0.301,0.381,0.239,0,162,,,-67
AL,1963,0.327,0.382,0.252,0,162,,,-3
NL,1963,0.283,0.301,0.22,0,162,,,-176
AL,1963,0.313,0.353,0.247,0,162,,,-89
AL,1963,0.309,0.354,0.25,0,161,,,-63
NL,1963,0.309,0.357,0.251,1,163,,,90
AL,1963,0.325,0.43,0.255,0,161,,,165
NL,1963,0.312,0.37,0.244,0,163,,,74
NL,1963,0.285,0.315,0.219,0,162,,,-273
AL,1963,0.309,0.403,0.252,1,161,,,167
NL,1963,0.306,0.381,0.252,0,162,,,64
NL,1963,0.309,0.359,0.25,0,162,,,-28
NL,1963,0.316,0.414,0.258,0,162,,,84
NL,1963,0.326,0.403,0.271,0,162,,,119
AL,1963,0.293,0.351,0.227,0,162,,,-234
AL,1962,0.314,0.387,0.248,0,162,,,-28
AL,1962,0.324,0.403,0.258,0,160,,,-49
NL,1962,0.317,0.377,0.253,0,162,,,-195
AL,1962,0.334,0.372,0.257,0,162,,,49
NL,1962,0.332,0.417,0.27,0,162,,,117
AL,1962,0.312,0.388,0.245,0,162,,,-63
AL,1962,0.33,0.411,0.248,0,161,,,66
NL,1962,0.31,0.351,0.246,0,162,,,-125
AL,1962,0.332,0.386,0.263,0,162,,,-92
AL,1962,0.325,0.38,0.25,0,162,,,12
NL,1962,0.337,0.4,0.268,0,165,,,145
AL,1962,0.338,0.412,0.26,0,163,,,85
NL,1962,0.326,0.403,0.252,0,162,,,65
NL,1962,0.318,0.361,0.24,0,161,,,-331
AL,1962,0.337,0.426,0.267,1,162,,,137
NL,1962,0.33,0.39,0.26,0,161,,,-54
NL,1962,0.321,0.394,0.268,0,161,,,80
NL,1962,0.341,0.441,0.278,1,165,,,188
NL,1962,0.335,0.394,0.271,0,163,,,110
AL,1962,0.308,0.373,0.25,0,162,,,-117
